{"train loss": 1.2245911359786987, "step": 2, "epoch": 1, "_timestamp": 1669847998.7906723, "_runtime": 265.20906019210815, "_step": 1}