{"train loss": 1.2485942840576172, "step": 1, "epoch": 1, "_timestamp": 1669848036.2454033, "_runtime": 7.264397382736206, "_step": 0}