{"train loss": 0.5467000007629395, "step": 19, "epoch": 1, "_timestamp": 1669319169.3366847, "_runtime": 91.74888873100281, "_step": 18, "_wandb": {"runtime": 95}}