{"train loss": 0.4710211455821991, "step": 695, "epoch": 1, "_timestamp": 1669847697.007298, "_runtime": 446.0749320983887, "_step": 694, "_wandb": {"runtime": 446}}