{"train loss": 0.5245044827461243, "step": 35, "epoch": 1, "_timestamp": 1669240207.6404748, "_runtime": 169.96153283119202, "_step": 34, "_wandb": {"runtime": 172}}