{"train loss": 0.7854523658752441, "step": 10, "epoch": 1, "_timestamp": 1669848141.7550578, "_runtime": 10.569569826126099, "_step": 9}