{"train loss": 1.1345622539520264, "step": 1, "epoch": 1, "_timestamp": 1669321228.2246938, "_runtime": 381.7304458618164, "_step": 0}