{"train loss": 1.252469539642334, "step": 1, "epoch": 1, "_timestamp": 1669902853.7279482, "_runtime": 7.082121133804321, "_step": 0}