{"train loss": 0.5665825605392456, "step": 105, "epoch": 1, "_timestamp": 1669847115.8829718, "_runtime": 151.9765977859497, "_step": 104, "_wandb": {"runtime": 152}}