{"train loss": 1.3216958045959473, "step": 1, "epoch": 1, "_timestamp": 1669823286.3584661, "_runtime": 26.095839262008667, "_step": 0}